[{"model": "auth.user", "pk": 1, "fields": {"password": "pbkdf2_sha256$30000$FWAwjPH4Io20$lEfYxuf745zCogvfCp7VL46cNKlHBxom/aAc6ca+lCU=", "last_login": "2016-09-14T22:39:31.114Z", "is_superuser": true, "username": "admin", "first_name": "", "last_name": "", "email": "mariobarrpach@gmail.com", "is_staff": true, "is_active": true, "date_joined": "2016-09-14T22:39:18.231Z", "groups": [], "user_permissions": []}}, {"model": "sessions.session", "pk": "ev6s9azrvkqvj1zakdanc7u3cvq0euyo", "fields": {"session_data": "NDM1MzI1MDQwZmU1ZjMwOTE2ZjNhN2YwZjU5MjllOGNiMjlhMzYzYjp7Il9hdXRoX3VzZXJfaGFzaCI6ImE2N2ExZDk1OTMzZTQzZGE2ZDdjODIwMzlhMGEwZWQ0YjA1NTk0YWEiLCJfYXV0aF91c2VyX2JhY2tlbmQiOiJkamFuZ28uY29udHJpYi5hdXRoLmJhY2tlbmRzLk1vZGVsQmFja2VuZCIsIl9hdXRoX3VzZXJfaWQiOiIxIn0=", "expire_date": "2016-09-28T22:39:31.189Z"}}, {"model": "exile.page", "pk": 1, "fields": {"nombre": "INICIO"}}, {"model": "exile.page", "pk": 2, "fields": {"nombre": "SERVICIOS"}}, {"model": "exile.page", "pk": 3, "fields": {"nombre": "NOSOTROS"}}, {"model": "exile.page", "pk": 4, "fields": {"nombre": "Huella"}}, {"model": "exile.page", "pk": 5, "fields": {"nombre": "Lapix"}}, {"model": "exile.page", "pk": 6, "fields": {"nombre": "Piscix"}}, {"model": "exile.page", "pk": 7, "fields": {"nombre": "GeoActivos"}}, {"model": "exile.page", "pk": 8, "fields": {"nombre": "Servicios Publicos"}}, {"model": "exile.page", "pk": 9, "fields": {"nombre": "Mineria"}}, {"model": "exile.page", "pk": 10, "fields": {"nombre": "Gesti\u00f3n Ambiental"}}, {"model": "exile.page", "pk": 11, "fields": {"nombre": "Mensajer\u00eda y Logistica"}}, {"model": "exile.page", "pk": 12, "fields": {"nombre": "Inventario y Mantenimiento"}}, {"model": "exile.page", "pk": 13, "fields": {"nombre": "Georeferenciaci\u00f3n"}}, {"model": "exile.page", "pk": 14, "fields": {"nombre": "CONT\u00c1CTENOS"}}, {"model": "exile.page", "pk": 15, "fields": {"nombre": "Digitalizaci\u00f3n de procesos de negocios"}}, {"model": "exile.page", "pk": 16, "fields": {"nombre": "Apps m\u00f3viles"}}, {"model": "exile.page", "pk": 17, "fields": {"nombre": "Apps web"}}, {"model": "exile.page", "pk": 18, "fields": {"nombre": "Data & analytics"}}, {"model": "exile.page", "pk": 19, "fields": {"nombre": "Internet de las cosas IoT"}}, {"model": "exile.page", "pk": 20, "fields": {"nombre": "Integraci\u00f3n a soluciones hardware"}}, {"model": "exile.page", "pk": 21, "fields": {"nombre": "Sistemas de informaci\u00f3n geogr\u00e1fica"}}, {"model": "exile.page", "pk": 22, "fields": {"nombre": "Digitalizaci\u00f3n"}}, {"model": "exile.page", "pk": 23, "fields": {"nombre": "Misi\u00f3n"}}, {"model": "exile.page", "pk": 24, "fields": {"nombre": "Visi\u00f3n"}}, {"model": "exile.page", "pk": 25, "fields": {"nombre": "Valores"}}, {"model": "exile.page", "pk": 26, "fields": {"nombre": "Objetivos"}}, {"model": "exile.itemseccion", "pk": 1, "fields": {"nombre": "Productos"}}, {"model": "exile.itemseccion", "pk": 2, "fields": {"nombre": "Experiencia"}}, {"model": "exile.subitem", "pk": 1, "fields": {"nombre": "Huella", "pagina": 4}}, {"model": "exile.subitem", "pk": 2, "fields": {"nombre": "Lapix", "pagina": 5}}, {"model": "exile.subitem", "pk": 3, "fields": {"nombre": "Piscix", "pagina": 6}}, {"model": "exile.subitem", "pk": 4, "fields": {"nombre": "GeoActivos", "pagina": 7}}, {"model": "exile.subitem", "pk": 5, "fields": {"nombre": "Servicios Publicos", "pagina": 8}}, {"model": "exile.subitem", "pk": 6, "fields": {"nombre": "Mineria", "pagina": 9}}, {"model": "exile.subitem", "pk": 7, "fields": {"nombre": "Gesti\u00f3n Ambiental", "pagina": 10}}, {"model": "exile.subitem", "pk": 8, "fields": {"nombre": "Mensajer\u00eda y Logistica", "pagina": 11}}, {"model": "exile.subitem", "pk": 9, "fields": {"nombre": "Inventario y Mantenimiento", "pagina": 12}}, {"model": "exile.subitem", "pk": 10, "fields": {"nombre": "Georeferenciaci\u00f3n", "pagina": 13}}, {"model": "exile.subitem", "pk": 11, "fields": {"nombre": "Digitalizaci\u00f3n de procesos de negocios", "pagina": 15}}, {"model": "exile.subitem", "pk": 12, "fields": {"nombre": "Apps m\u00f3viles", "pagina": 16}}, {"model": "exile.subitem", "pk": 13, "fields": {"nombre": "Apps web", "pagina": 17}}, {"model": "exile.subitem", "pk": 14, "fields": {"nombre": "Data & analytics", "pagina": 18}}, {"model": "exile.subitem", "pk": 15, "fields": {"nombre": "Internet de las cosas IoT", "pagina": 19}}, {"model": "exile.subitem", "pk": 16, "fields": {"nombre": "Integraci\u00f3n a soluciones hardware", "pagina": 20}}, {"model": "exile.subitem", "pk": 17, "fields": {"nombre": "Sistemas de informaci\u00f3n geogr\u00e1fica", "pagina": 21}}, {"model": "exile.subitem", "pk": 18, "fields": {"nombre": "Digitalizaci\u00f3n", "pagina": 22}}, {"model": "exile.subitem", "pk": 19, "fields": {"nombre": "Misi\u00f3n", "pagina": 23}}, {"model": "exile.subitem", "pk": 20, "fields": {"nombre": "Visi\u00f3n", "pagina": 24}}, {"model": "exile.subitem", "pk": 21, "fields": {"nombre": "Valores", "pagina": 25}}, {"model": "exile.subitem", "pk": 22, "fields": {"nombre": "Objetivos", "pagina": 26}}, {"model": "exile.ordensubitem", "pk": 1, "fields": {"subitem": 1, "item": 4, "posicion": 1, "seccion": 1}}, {"model": "exile.ordensubitem", "pk": 2, "fields": {"subitem": 2, "item": 4, "posicion": 2, "seccion": 1}}, {"model": "exile.ordensubitem", "pk": 3, "fields": {"subitem": 3, "item": 4, "posicion": 3, "seccion": 1}}, {"model": "exile.ordensubitem", "pk": 4, "fields": {"subitem": 4, "item": 4, "posicion": 4, "seccion": 1}}, {"model": "exile.ordensubitem", "pk": 5, "fields": {"subitem": 5, "item": 4, "posicion": 1, "seccion": 2}}, {"model": "exile.ordensubitem", "pk": 6, "fields": {"subitem": 6, "item": 4, "posicion": 2, "seccion": 2}}, {"model": "exile.ordensubitem", "pk": 7, "fields": {"subitem": 7, "item": 4, "posicion": 3, "seccion": 2}}, {"model": "exile.ordensubitem", "pk": 8, "fields": {"subitem": 8, "item": 4, "posicion": 4, "seccion": 2}}, {"model": "exile.ordensubitem", "pk": 9, "fields": {"subitem": 9, "item": 4, "posicion": 5, "seccion": 2}}, {"model": "exile.ordensubitem", "pk": 10, "fields": {"subitem": 10, "item": 4, "posicion": 6, "seccion": 2}}, {"model": "exile.ordensubitem", "pk": 11, "fields": {"subitem": 11, "item": 2, "posicion": 1, "seccion": null}}, {"model": "exile.ordensubitem", "pk": 12, "fields": {"subitem": 12, "item": 2, "posicion": 2, "seccion": null}}, {"model": "exile.ordensubitem", "pk": 13, "fields": {"subitem": 13, "item": 2, "posicion": 3, "seccion": null}}, {"model": "exile.ordensubitem", "pk": 14, "fields": {"subitem": 14, "item": 2, "posicion": 4, "seccion": null}}, {"model": "exile.ordensubitem", "pk": 15, "fields": {"subitem": 15, "item": 2, "posicion": 5, "seccion": null}}, {"model": "exile.ordensubitem", "pk": 16, "fields": {"subitem": 16, "item": 2, "posicion": 6, "seccion": null}}, {"model": "exile.ordensubitem", "pk": 17, "fields": {"subitem": 17, "item": 2, "posicion": 7, "seccion": null}}, {"model": "exile.ordensubitem", "pk": 18, "fields": {"subitem": 18, "item": 2, "posicion": 8, "seccion": null}}, {"model": "exile.ordensubitem", "pk": 19, "fields": {"subitem": 19, "item": 3, "posicion": 1, "seccion": null}}, {"model": "exile.ordensubitem", "pk": 20, "fields": {"subitem": 20, "item": 3, "posicion": 2, "seccion": null}}, {"model": "exile.ordensubitem", "pk": 21, "fields": {"subitem": 21, "item": 3, "posicion": 3, "seccion": null}}, {"model": "exile.ordensubitem", "pk": 22, "fields": {"subitem": 22, "item": 3, "posicion": 4, "seccion": null}}, {"model": "exile.item", "pk": 1, "fields": {"nombre": "INICIO", "principal": 1}}, {"model": "exile.item", "pk": 2, "fields": {"nombre": "SERVICIOS", "principal": 2}}, {"model": "exile.item", "pk": 3, "fields": {"nombre": "NOSOTROS", "principal": 3}}, {"model": "exile.item", "pk": 4, "fields": {"nombre": "PORTAFOLIO", "principal": null}}, {"model": "exile.item", "pk": 5, "fields": {"nombre": "CONT\u00c1CTENOS", "principal": 14}}, {"model": "exile.ordenitem", "pk": 1, "fields": {"menu": 1, "posicion": 1, "item": 1}}, {"model": "exile.ordenitem", "pk": 2, "fields": {"menu": 1, "posicion": 2, "item": 2}}, {"model": "exile.ordenitem", "pk": 3, "fields": {"menu": 1, "posicion": 3, "item": 3}}, {"model": "exile.ordenitem", "pk": 4, "fields": {"menu": 1, "posicion": 4, "item": 4}}, {"model": "exile.ordenitem", "pk": 5, "fields": {"menu": 1, "posicion": 5, "item": 5}}, {"model": "exile.menu", "pk": 1, "fields": {"nombre": "Menu 1"}}, {"model": "exile.menuprincipal", "pk": 1, "fields": {"menu": 1, "fecha": "2016-09-14"}}, {"model": "exile.paginaprincipal", "pk": 1, "fields": {"pagina": 1, "fecha": "2016-09-15"}}, {"model": "admin.logentry", "pk": 1, "fields": {"action_time": "2016-09-14T22:55:51.052Z", "user": 1, "content_type": 9, "object_id": "1", "object_repr": "INICIO", "action_flag": 1, "change_message": "[{\"added\": {}}]"}}, {"model": "admin.logentry", "pk": 2, "fields": {"action_time": "2016-09-14T22:55:58.424Z", "user": 1, "content_type": 11, "object_id": "1", "object_repr": "INICIO", "action_flag": 1, "change_message": "[{\"added\": {}}]"}}, {"model": "admin.logentry", "pk": 3, "fields": {"action_time": "2016-09-14T22:57:02.022Z", "user": 1, "content_type": 9, "object_id": "2", "object_repr": "SERVICIOS", "action_flag": 1, "change_message": "[{\"added\": {}}]"}}, {"model": "admin.logentry", "pk": 4, "fields": {"action_time": "2016-09-14T22:57:05.815Z", "user": 1, "content_type": 11, "object_id": "2", "object_repr": "SERVICIOS", "action_flag": 1, "change_message": "[{\"added\": {}}]"}}, {"model": "admin.logentry", "pk": 5, "fields": {"action_time": "2016-09-14T22:58:03.895Z", "user": 1, "content_type": 9, "object_id": "3", "object_repr": "NOSOTROS", "action_flag": 1, "change_message": "[{\"added\": {}}]"}}, {"model": "admin.logentry", "pk": 6, "fields": {"action_time": "2016-09-14T22:58:05.879Z", "user": 1, "content_type": 11, "object_id": "3", "object_repr": "NOSOTROS", "action_flag": 1, "change_message": "[{\"added\": {}}]"}}, {"model": "admin.logentry", "pk": 7, "fields": {"action_time": "2016-09-14T22:59:26.672Z", "user": 1, "content_type": 15, "object_id": "1", "object_repr": "Productos", "action_flag": 1, "change_message": "[{\"added\": {}}]"}}, {"model": "admin.logentry", "pk": 8, "fields": {"action_time": "2016-09-14T22:59:42.371Z", "user": 1, "content_type": 9, "object_id": "4", "object_repr": "Huella", "action_flag": 1, "change_message": "[{\"added\": {}}]"}}, {"model": "admin.logentry", "pk": 9, "fields": {"action_time": "2016-09-14T23:00:26.092Z", "user": 1, "content_type": 14, "object_id": "1", "object_repr": "Huella pagina: Huella", "action_flag": 1, "change_message": "[{\"added\": {}}]"}}, {"model": "admin.logentry", "pk": 10, "fields": {"action_time": "2016-09-14T23:00:58.175Z", "user": 1, "content_type": 9, "object_id": "5", "object_repr": "Lapix", "action_flag": 1, "change_message": "[{\"added\": {}}]"}}, {"model": "admin.logentry", "pk": 11, "fields": {"action_time": "2016-09-14T23:01:06.969Z", "user": 1, "content_type": 14, "object_id": "2", "object_repr": "Lapix pagina: Lapix", "action_flag": 1, "change_message": "[{\"added\": {}}]"}}, {"model": "admin.logentry", "pk": 12, "fields": {"action_time": "2016-09-14T23:01:51.392Z", "user": 1, "content_type": 9, "object_id": "6", "object_repr": "Piscix", "action_flag": 1, "change_message": "[{\"added\": {}}]"}}, {"model": "admin.logentry", "pk": 13, "fields": {"action_time": "2016-09-14T23:01:55.607Z", "user": 1, "content_type": 14, "object_id": "3", "object_repr": "Piscix pagina: Piscix", "action_flag": 1, "change_message": "[{\"added\": {}}]"}}, {"model": "admin.logentry", "pk": 14, "fields": {"action_time": "2016-09-14T23:02:37.620Z", "user": 1, "content_type": 9, "object_id": "7", "object_repr": "GeoActivos", "action_flag": 1, "change_message": "[{\"added\": {}}]"}}, {"model": "admin.logentry", "pk": 15, "fields": {"action_time": "2016-09-14T23:02:41.787Z", "user": 1, "content_type": 14, "object_id": "4", "object_repr": "GeoActivos pagina: GeoActivos", "action_flag": 1, "change_message": "[{\"added\": {}}]"}}, {"model": "admin.logentry", "pk": 16, "fields": {"action_time": "2016-09-14T23:02:46.559Z", "user": 1, "content_type": 11, "object_id": "4", "object_repr": "PORTAFOLIO", "action_flag": 1, "change_message": "[{\"added\": {}}, {\"added\": {\"object\": \"OrdenSubItem object\", \"name\": \"Orden de subitem\"}}, {\"added\": {\"object\": \"OrdenSubItem object\", \"name\": \"Orden de subitem\"}}, {\"added\": {\"object\": \"OrdenSubItem object\", \"name\": \"Orden de subitem\"}}, {\"added\": {\"object\": \"OrdenSubItem object\", \"name\": \"Orden de subitem\"}}]"}}, {"model": "admin.logentry", "pk": 17, "fields": {"action_time": "2016-09-14T23:03:01.214Z", "user": 1, "content_type": 7, "object_id": "1", "object_repr": "Menu 1", "action_flag": 1, "change_message": "[{\"added\": {}}, {\"added\": {\"object\": \"Menu 1 item: INICIO\", \"name\": \"Orden de item\"}}, {\"added\": {\"object\": \"Menu 1 item: SERVICIOS\", \"name\": \"Orden de item\"}}, {\"added\": {\"object\": \"Menu 1 item: NOSOTROS\", \"name\": \"Orden de item\"}}, {\"added\": {\"object\": \"Menu 1 item: PORTAFOLIO\", \"name\": \"Orden de item\"}}]"}}, {"model": "admin.logentry", "pk": 18, "fields": {"action_time": "2016-09-14T23:04:03.269Z", "user": 1, "content_type": 15, "object_id": "2", "object_repr": "Experiencia", "action_flag": 1, "change_message": "[{\"added\": {}}]"}}, {"model": "admin.logentry", "pk": 19, "fields": {"action_time": "2016-09-14T23:04:29.310Z", "user": 1, "content_type": 9, "object_id": "8", "object_repr": "Servicios Publicos", "action_flag": 1, "change_message": "[{\"added\": {}}]"}}, {"model": "admin.logentry", "pk": 20, "fields": {"action_time": "2016-09-14T23:04:42.684Z", "user": 1, "content_type": 14, "object_id": "5", "object_repr": "Servicios Publicos pagina: Servicios Publicos", "action_flag": 1, "change_message": "[{\"added\": {}}]"}}, {"model": "admin.logentry", "pk": 21, "fields": {"action_time": "2016-09-14T23:05:12.559Z", "user": 1, "content_type": 9, "object_id": "9", "object_repr": "Mineria", "action_flag": 1, "change_message": "[{\"added\": {}}]"}}, {"model": "admin.logentry", "pk": 22, "fields": {"action_time": "2016-09-14T23:05:16.368Z", "user": 1, "content_type": 14, "object_id": "6", "object_repr": "Mineria pagina: Mineria", "action_flag": 1, "change_message": "[{\"added\": {}}]"}}, {"model": "admin.logentry", "pk": 23, "fields": {"action_time": "2016-09-14T23:05:56.901Z", "user": 1, "content_type": 9, "object_id": "10", "object_repr": "Gesti\u00f3n Ambiental", "action_flag": 1, "change_message": "[{\"added\": {}}]"}}, {"model": "admin.logentry", "pk": 24, "fields": {"action_time": "2016-09-14T23:05:58.862Z", "user": 1, "content_type": 14, "object_id": "7", "object_repr": "Gesti\u00f3n Ambiental pagina: Gesti\u00f3n Ambiental", "action_flag": 1, "change_message": "[{\"added\": {}}]"}}, {"model": "admin.logentry", "pk": 25, "fields": {"action_time": "2016-09-14T23:07:27.849Z", "user": 1, "content_type": 11, "object_id": "4", "object_repr": "PORTAFOLIO", "action_flag": 2, "change_message": "[{\"added\": {\"object\": \"OrdenSubItem object\", \"name\": \"Orden de subitem\"}}, {\"added\": {\"object\": \"OrdenSubItem object\", \"name\": \"Orden de subitem\"}}, {\"added\": {\"object\": \"OrdenSubItem object\", \"name\": \"Orden de subitem\"}}]"}}, {"model": "admin.logentry", "pk": 26, "fields": {"action_time": "2016-09-14T23:13:13.605Z", "user": 1, "content_type": 9, "object_id": "11", "object_repr": "Mensajer\u00eda y Logistica", "action_flag": 1, "change_message": "[{\"added\": {}}]"}}, {"model": "admin.logentry", "pk": 27, "fields": {"action_time": "2016-09-14T23:13:14.637Z", "user": 1, "content_type": 14, "object_id": "8", "object_repr": "Mensajer\u00eda y Logistica pagina: Mensajer\u00eda y Logistica", "action_flag": 1, "change_message": "[{\"added\": {}}]"}}, {"model": "admin.logentry", "pk": 28, "fields": {"action_time": "2016-09-14T23:13:53.981Z", "user": 1, "content_type": 9, "object_id": "12", "object_repr": "Inventario y Mantenimiento", "action_flag": 1, "change_message": "[{\"added\": {}}]"}}, {"model": "admin.logentry", "pk": 29, "fields": {"action_time": "2016-09-14T23:14:01.750Z", "user": 1, "content_type": 14, "object_id": "9", "object_repr": "Inventario y Mantenimiento pagina: Inventario y Mantenimiento", "action_flag": 1, "change_message": "[{\"added\": {}}]"}}, {"model": "admin.logentry", "pk": 30, "fields": {"action_time": "2016-09-14T23:15:01.374Z", "user": 1, "content_type": 9, "object_id": "13", "object_repr": "Georeferenciaci\u00f3n", "action_flag": 1, "change_message": "[{\"added\": {}}]"}}, {"model": "admin.logentry", "pk": 31, "fields": {"action_time": "2016-09-14T23:15:02.772Z", "user": 1, "content_type": 14, "object_id": "10", "object_repr": "Georeferenciaci\u00f3n pagina: Georeferenciaci\u00f3n", "action_flag": 1, "change_message": "[{\"added\": {}}]"}}, {"model": "admin.logentry", "pk": 32, "fields": {"action_time": "2016-09-14T23:15:05.058Z", "user": 1, "content_type": 11, "object_id": "4", "object_repr": "PORTAFOLIO", "action_flag": 2, "change_message": "[{\"added\": {\"object\": \"OrdenSubItem object\", \"name\": \"Orden de subitem\"}}, {\"added\": {\"object\": \"OrdenSubItem object\", \"name\": \"Orden de subitem\"}}, {\"added\": {\"object\": \"OrdenSubItem object\", \"name\": \"Orden de subitem\"}}, {\"changed\": {\"fields\": [\"seccion\"], \"object\": \"OrdenSubItem object\", \"name\": \"Orden de subitem\"}}, {\"changed\": {\"fields\": [\"seccion\"], \"object\": \"OrdenSubItem object\", \"name\": \"Orden de subitem\"}}, {\"changed\": {\"fields\": [\"seccion\"], \"object\": \"OrdenSubItem object\", \"name\": \"Orden de subitem\"}}, {\"changed\": {\"fields\": [\"seccion\"], \"object\": \"OrdenSubItem object\", \"name\": \"Orden de subitem\"}}, {\"changed\": {\"fields\": [\"seccion\"], \"object\": \"OrdenSubItem object\", \"name\": \"Orden de subitem\"}}, {\"changed\": {\"fields\": [\"seccion\"], \"object\": \"OrdenSubItem object\", \"name\": \"Orden de subitem\"}}, {\"changed\": {\"fields\": [\"seccion\"], \"object\": \"OrdenSubItem object\", \"name\": \"Orden de subitem\"}}]"}}, {"model": "admin.logentry", "pk": 33, "fields": {"action_time": "2016-09-14T23:15:10.948Z", "user": 1, "content_type": 7, "object_id": "1", "object_repr": "Menu 1", "action_flag": 2, "change_message": "[]"}}, {"model": "admin.logentry", "pk": 34, "fields": {"action_time": "2016-09-14T23:17:08.378Z", "user": 1, "content_type": 9, "object_id": "14", "object_repr": "CONT\u00c1CTENOS", "action_flag": 1, "change_message": "[{\"added\": {}}]"}}, {"model": "admin.logentry", "pk": 35, "fields": {"action_time": "2016-09-14T23:17:11.341Z", "user": 1, "content_type": 11, "object_id": "5", "object_repr": "CONT\u00c1CTENOS", "action_flag": 1, "change_message": "[{\"added\": {}}]"}}, {"model": "admin.logentry", "pk": 36, "fields": {"action_time": "2016-09-14T23:17:13.716Z", "user": 1, "content_type": 7, "object_id": "1", "object_repr": "Menu 1", "action_flag": 2, "change_message": "[{\"added\": {\"object\": \"Menu 1 item: CONT\\u00c1CTENOS\", \"name\": \"Orden de item\"}}]"}}, {"model": "admin.logentry", "pk": 37, "fields": {"action_time": "2016-09-14T23:17:21.171Z", "user": 1, "content_type": 10, "object_id": "1", "object_repr": "Menu 1", "action_flag": 1, "change_message": "[{\"added\": {}}]"}}, {"model": "admin.logentry", "pk": 38, "fields": {"action_time": "2016-09-15T00:10:53.137Z", "user": 1, "content_type": 16, "object_id": "1", "object_repr": "INICIO", "action_flag": 1, "change_message": "[{\"added\": {}}]"}}, {"model": "admin.logentry", "pk": 39, "fields": {"action_time": "2016-09-15T00:27:56.259Z", "user": 1, "content_type": 7, "object_id": "1", "object_repr": "Menu 1", "action_flag": 2, "change_message": "[]"}}, {"model": "admin.logentry", "pk": 40, "fields": {"action_time": "2016-09-15T00:49:50.984Z", "user": 1, "content_type": 11, "object_id": "4", "object_repr": "PORTAFOLIO", "action_flag": 2, "change_message": "[]"}}, {"model": "admin.logentry", "pk": 41, "fields": {"action_time": "2016-09-15T00:50:37.839Z", "user": 1, "content_type": 11, "object_id": "4", "object_repr": "PORTAFOLIO", "action_flag": 2, "change_message": "[]"}}, {"model": "admin.logentry", "pk": 42, "fields": {"action_time": "2016-09-15T00:55:32.561Z", "user": 1, "content_type": 9, "object_id": "15", "object_repr": "Digitalizaci\u00f3n de procesos de negocios", "action_flag": 1, "change_message": "[{\"added\": {}}]"}}, {"model": "admin.logentry", "pk": 43, "fields": {"action_time": "2016-09-15T00:55:34.112Z", "user": 1, "content_type": 14, "object_id": "11", "object_repr": "Digitalizaci\u00f3n de procesos de negocios pagina: Digitalizaci\u00f3n de procesos de negocios", "action_flag": 1, "change_message": "[{\"added\": {}}]"}}, {"model": "admin.logentry", "pk": 44, "fields": {"action_time": "2016-09-15T00:55:57.639Z", "user": 1, "content_type": 9, "object_id": "16", "object_repr": "Apps m\u00f3viles", "action_flag": 1, "change_message": "[{\"added\": {}}]"}}, {"model": "admin.logentry", "pk": 45, "fields": {"action_time": "2016-09-15T00:55:59.601Z", "user": 1, "content_type": 14, "object_id": "12", "object_repr": "Apps m\u00f3viles pagina: Apps m\u00f3viles", "action_flag": 1, "change_message": "[{\"added\": {}}]"}}, {"model": "admin.logentry", "pk": 46, "fields": {"action_time": "2016-09-15T00:56:21.625Z", "user": 1, "content_type": 9, "object_id": "17", "object_repr": "Apps web", "action_flag": 1, "change_message": "[{\"added\": {}}]"}}, {"model": "admin.logentry", "pk": 47, "fields": {"action_time": "2016-09-15T00:56:22.952Z", "user": 1, "content_type": 14, "object_id": "13", "object_repr": "Apps web pagina: Apps web", "action_flag": 1, "change_message": "[{\"added\": {}}]"}}, {"model": "admin.logentry", "pk": 48, "fields": {"action_time": "2016-09-15T00:56:54.441Z", "user": 1, "content_type": 9, "object_id": "18", "object_repr": "Data & analytics", "action_flag": 1, "change_message": "[{\"added\": {}}]"}}, {"model": "admin.logentry", "pk": 49, "fields": {"action_time": "2016-09-15T00:56:55.721Z", "user": 1, "content_type": 14, "object_id": "14", "object_repr": "Data & analytics pagina: Data & analytics", "action_flag": 1, "change_message": "[{\"added\": {}}]"}}, {"model": "admin.logentry", "pk": 50, "fields": {"action_time": "2016-09-15T00:57:25.929Z", "user": 1, "content_type": 9, "object_id": "19", "object_repr": "Internet de las cosas IoT", "action_flag": 1, "change_message": "[{\"added\": {}}]"}}, {"model": "admin.logentry", "pk": 51, "fields": {"action_time": "2016-09-15T00:57:27.144Z", "user": 1, "content_type": 14, "object_id": "15", "object_repr": "Internet de las cosas IoT pagina: Internet de las cosas IoT", "action_flag": 1, "change_message": "[{\"added\": {}}]"}}, {"model": "admin.logentry", "pk": 52, "fields": {"action_time": "2016-09-15T00:58:00.055Z", "user": 1, "content_type": 9, "object_id": "20", "object_repr": "Integraci\u00f3n a soluciones hardware", "action_flag": 1, "change_message": "[{\"added\": {}}]"}}, {"model": "admin.logentry", "pk": 53, "fields": {"action_time": "2016-09-15T00:58:01.232Z", "user": 1, "content_type": 14, "object_id": "16", "object_repr": "Integraci\u00f3n a soluciones hardware pagina: Integraci\u00f3n a soluciones hardware", "action_flag": 1, "change_message": "[{\"added\": {}}]"}}, {"model": "admin.logentry", "pk": 54, "fields": {"action_time": "2016-09-15T00:58:17.090Z", "user": 1, "content_type": 9, "object_id": "21", "object_repr": "Sistemas de informaci\u00f3n geogr\u00e1fica", "action_flag": 1, "change_message": "[{\"added\": {}}]"}}, {"model": "admin.logentry", "pk": 55, "fields": {"action_time": "2016-09-15T00:58:18.401Z", "user": 1, "content_type": 14, "object_id": "17", "object_repr": "Sistemas de informaci\u00f3n geogr\u00e1fica pagina: Sistemas de informaci\u00f3n geogr\u00e1fica", "action_flag": 1, "change_message": "[{\"added\": {}}]"}}, {"model": "admin.logentry", "pk": 56, "fields": {"action_time": "2016-09-15T00:58:31.539Z", "user": 1, "content_type": 9, "object_id": "22", "object_repr": "Digitalizaci\u00f3n", "action_flag": 1, "change_message": "[{\"added\": {}}]"}}, {"model": "admin.logentry", "pk": 57, "fields": {"action_time": "2016-09-15T00:58:32.848Z", "user": 1, "content_type": 14, "object_id": "18", "object_repr": "Digitalizaci\u00f3n pagina: Digitalizaci\u00f3n", "action_flag": 1, "change_message": "[{\"added\": {}}]"}}, {"model": "admin.logentry", "pk": 58, "fields": {"action_time": "2016-09-15T00:58:34.893Z", "user": 1, "content_type": 11, "object_id": "2", "object_repr": "SERVICIOS", "action_flag": 2, "change_message": "[{\"added\": {\"object\": \"OrdenSubItem object\", \"name\": \"Orden de subitem\"}}, {\"added\": {\"object\": \"OrdenSubItem object\", \"name\": \"Orden de subitem\"}}, {\"added\": {\"object\": \"OrdenSubItem object\", \"name\": \"Orden de subitem\"}}, {\"added\": {\"object\": \"OrdenSubItem object\", \"name\": \"Orden de subitem\"}}, {\"added\": {\"object\": \"OrdenSubItem object\", \"name\": \"Orden de subitem\"}}, {\"added\": {\"object\": \"OrdenSubItem object\", \"name\": \"Orden de subitem\"}}, {\"added\": {\"object\": \"OrdenSubItem object\", \"name\": \"Orden de subitem\"}}, {\"added\": {\"object\": \"OrdenSubItem object\", \"name\": \"Orden de subitem\"}}]"}}, {"model": "admin.logentry", "pk": 59, "fields": {"action_time": "2016-09-15T00:59:17.634Z", "user": 1, "content_type": 9, "object_id": "23", "object_repr": "Misi\u00f3n", "action_flag": 1, "change_message": "[{\"added\": {}}]"}}, {"model": "admin.logentry", "pk": 60, "fields": {"action_time": "2016-09-15T00:59:20.874Z", "user": 1, "content_type": 14, "object_id": "19", "object_repr": "Misi\u00f3n pagina: Misi\u00f3n", "action_flag": 1, "change_message": "[{\"added\": {}}]"}}, {"model": "admin.logentry", "pk": 61, "fields": {"action_time": "2016-09-15T00:59:32.735Z", "user": 1, "content_type": 9, "object_id": "24", "object_repr": "Visi\u00f3n", "action_flag": 1, "change_message": "[{\"added\": {}}]"}}, {"model": "admin.logentry", "pk": 62, "fields": {"action_time": "2016-09-15T00:59:34.361Z", "user": 1, "content_type": 14, "object_id": "20", "object_repr": "Visi\u00f3n pagina: Visi\u00f3n", "action_flag": 1, "change_message": "[{\"added\": {}}]"}}, {"model": "admin.logentry", "pk": 63, "fields": {"action_time": "2016-09-15T00:59:43.018Z", "user": 1, "content_type": 9, "object_id": "25", "object_repr": "Valores", "action_flag": 1, "change_message": "[{\"added\": {}}]"}}, {"model": "admin.logentry", "pk": 64, "fields": {"action_time": "2016-09-15T00:59:44.183Z", "user": 1, "content_type": 14, "object_id": "21", "object_repr": "Valores pagina: Valores", "action_flag": 1, "change_message": "[{\"added\": {}}]"}}, {"model": "admin.logentry", "pk": 65, "fields": {"action_time": "2016-09-15T00:59:59.115Z", "user": 1, "content_type": 9, "object_id": "26", "object_repr": "Objetivos", "action_flag": 1, "change_message": "[{\"added\": {}}]"}}, {"model": "admin.logentry", "pk": 66, "fields": {"action_time": "2016-09-15T01:00:00.194Z", "user": 1, "content_type": 14, "object_id": "22", "object_repr": "Objetivos pagina: Objetivos", "action_flag": 1, "change_message": "[{\"added\": {}}]"}}, {"model": "admin.logentry", "pk": 67, "fields": {"action_time": "2016-09-15T01:00:02.188Z", "user": 1, "content_type": 11, "object_id": "3", "object_repr": "NOSOTROS", "action_flag": 2, "change_message": "[{\"added\": {\"object\": \"OrdenSubItem object\", \"name\": \"Orden de subitem\"}}, {\"added\": {\"object\": \"OrdenSubItem object\", \"name\": \"Orden de subitem\"}}, {\"added\": {\"object\": \"OrdenSubItem object\", \"name\": \"Orden de subitem\"}}, {\"added\": {\"object\": \"OrdenSubItem object\", \"name\": \"Orden de subitem\"}}]"}}]